{"mae": 5.935379861230097, "mse": 98.09173971091263, "r2_score": 0.7503852949167554}