{"mae": 5.938958622424992, "mse": 98.0998952331421, "r2_score": 0.7503645415048767}